2824, null; p1; 0, null
2824, null; p1; 0, null
2824, null; p1; 0, null
312, null; p1; 0, null
312, null; p1; 0, null
312, null; p1; 0, null
312, null; p1; 0, null
312, null; p1; 0, null
312, null; p1; 0, null
784, null; p1; 0, null
784, null; p1; 0, null
784, null; p1; 0, null
2272, null; p1; 1152, null
2272, null; p1; 1152, null
2272, null; p1; 1152, null
312, null; p1; 0, null
312, null; p1; 0, null
312, null; p1; 0, null
2892, null; p1; 0, null
2892, null; p1; 0, null
2892, null; p1; 0, null
312, null; p1; 0, null
312, null; p1; 0, null
312, null; p1; 0, null
312, null; p1; 0, null
312, null; p1; 0, null
312, null; p1; 0, null
312, null; p1; 0, null
312, null; p1; 0, null
312, null; p1; 0, null
3212, null; p1; 0, null
3212, null; p1; 0, null
3212, null; p1; 0, null
3212, null; p1; 212, \??\C:\Users\IEUser\Desktop\Minispy\minispy.exe
3212, null; p1; 212, \??\C:\Users\IEUser\Desktop\Minispy\minispy.exe
3212, null; p1; 212, \??\C:\Users\IEUser\Desktop\Minispy\minispy.exe
396, null; p1; 212, \??\C:\Users\IEUser\Desktop\Minispy\minispy.exe
396, null; p1; 212, \??\C:\Users\IEUser\Desktop\Minispy\minispy.exe
396, null; p1; 212, \??\C:\Users\IEUser\Desktop\Minispy\minispy.exe
396, null; p1; 0, null
396, null; p1; 0, null
396, null; p1; 0, null
312, null; p1; 0, null
312, null; p1; 0, null
312, null; p1; 0, null
3348, null; p1; 212, \??\C:\Users\IEUser\Desktop\Minispy\minispy.exe
3348, null; p1; 212, \??\C:\Users\IEUser\Desktop\Minispy\minispy.exe
3348, null; p1; 212, \??\C:\Users\IEUser\Desktop\Minispy\minispy.exe
844, null; p1; 0, null
844, null; p1; 0, null
844, null; p1; 0, null
844, null; p1; 660, \??\C:\Windows\system32\wbem\WMIADAP.EXE
844, null; p1; 660, \??\C:\Windows\system32\wbem\WMIADAP.EXE
844, null; p1; 660, \??\C:\Windows\system32\wbem\WMIADAP.EXE
320, null; p1; 660, \??\C:\Windows\system32\wbem\WMIADAP.EXE
320, null; p1; 660, \??\C:\Windows\system32\wbem\WMIADAP.EXE
320, null; p1; 660, \??\C:\Windows\system32\wbem\WMIADAP.EXE
320, null; p1; 0, null
320, null; p1; 0, null
320, null; p1; 0, null
320, null; p1; 660, \??\C:\Windows\system32\wbem\WMIADAP.EXE
212, \??\C:\Users\IEUser\Desktop\Minispy\minispy.exe; p1; 0, null
212, \??\C:\Users\IEUser\Desktop\Minispy\minispy.exe; p1; 0, null
212, \??\C:\Users\IEUser\Desktop\Minispy\minispy.exe; p1; 0, null
660, \??\C:\Windows\system32\wbem\WMIADAP.EXE; p1; 660, \??\C:\Windows\system32\wbem\WMIADAP.EXE
660, \??\C:\Windows\system32\wbem\WMIADAP.EXE; p1; 0, null
660, \??\C:\Windows\system32\wbem\WMIADAP.EXE; p1; 0, null
660, \??\C:\Windows\system32\wbem\WMIADAP.EXE; p1; 0, null
320, null; p1; 0, null
320, null; p1; 0, null
320, null; p1; 0, null
660, \??\C:\Windows\system32\wbem\WMIADAP.EXE; p1; 0, null
660, \??\C:\Windows\system32\wbem\WMIADAP.EXE; p1; 0, null
660, \??\C:\Windows\system32\wbem\WMIADAP.EXE; p1; 0, null
4, null; p1; 0, null
4, null; p1; 0, null
4, null; p1; 0, null
660, \??\C:\Windows\system32\wbem\WMIADAP.EXE; p1; 0, null
660, \??\C:\Windows\system32\wbem\WMIADAP.EXE; p1; 0, null
660, \??\C:\Windows\system32\wbem\WMIADAP.EXE; p1; 0, null
660, \??\C:\Windows\system32\wbem\WMIADAP.EXE; p1; 0, null
660, \??\C:\Windows\system32\wbem\WMIADAP.EXE; p1; 0, null
660, \??\C:\Windows\system32\wbem\WMIADAP.EXE; p1; 0, null
660, \??\C:\Windows\system32\wbem\WMIADAP.EXE; p1; 0, null
660, \??\C:\Windows\system32\wbem\WMIADAP.EXE; p1; 0, null
660, \??\C:\Windows\system32\wbem\WMIADAP.EXE; p1; 0, null
660, \??\C:\Windows\system32\wbem\WMIADAP.EXE; p1; 0, null
660, \??\C:\Windows\system32\wbem\WMIADAP.EXE; p1; 0, null
660, \??\C:\Windows\system32\wbem\WMIADAP.EXE; p1; 0, null
844, null; p1; 0, null
844, null; p1; 0, null
844, null; p1; 0, null
844, null; p1; 0, null
844, null; p1; 0, null
844, null; p1; 0, null
844, null; p1; 0, null
844, null; p1; 0, null
844, null; p1; 0, null
844, null; p1; 0, null
844, null; p1; 0, null
844, null; p1; 0, null
844, null; p1; 0, null
844, null; p1; 0, null
844, null; p1; 0, null
844, null; p1; 0, null
844, null; p1; 0, null
844, null; p1; 0, null
1240, null; p1; 0, null
1240, null; p1; 0, null
1240, null; p1; 0, null
2824, null; p1; 0, null
2824, null; p1; 0, null
2824, null; p1; 0, null
312, null; p1; 0, null
312, null; p1; 0, null
312, null; p1; 0, null
312, null; p1; 0, null
312, null; p1; 0, null
312, null; p1; 0, null
312, null; p1; 0, null
312, null; p1; 0, null
312, null; p1; 0, null
3672, null; p1; 0, null
3672, null; p1; 0, null
3672, null; p1; 0, null
312, null; p1; 0, null
312, null; p1; 0, null
312, null; p1; 0, null
1240, null; p1; 0, null
1240, null; p1; 0, null
1240, null; p1; 0, null
396, null; p1; 1240, null
396, null; p1; 1240, null
396, null; p1; 1240, null
2824, null; p1; 0, null
2824, null; p1; 0, null
2824, null; p1; 0, null
1240, null; p1; 0, null
1240, null; p1; 0, null
1240, null; p1; 0, null
1240, null; p1; 0, null
1240, null; p1; 0, null
1240, null; p1; 0, null
1240, null; p1; 0, null
1240, null; p1; 0, null
1240, null; p1; 0, null
1240, null; p1; 0, null
1240, null; p1; 0, null
1240, null; p1; 0, null
1240, null; p1; 0, null
1240, null; p1; 0, null
1240, null; p1; 0, null
1240, null; p1; 3312, \??\C:\Users\IEUser\Documents\VisualStudio2013\Projects\infect\Debug\infect.exe
1240, null; p1; 3312, \??\C:\Users\IEUser\Documents\VisualStudio2013\Projects\infect\Debug\infect.exe
1240, null; p1; 3312, \??\C:\Users\IEUser\Documents\VisualStudio2013\Projects\infect\Debug\infect.exe
396, null; p1; 0, null
396, null; p1; 0, null
396, null; p1; 0, null
396, null; p1; 3312, \??\C:\Users\IEUser\Documents\VisualStudio2013\Projects\infect\Debug\infect.exe
396, null; p1; 3312, \??\C:\Users\IEUser\Documents\VisualStudio2013\Projects\infect\Debug\infect.exe
396, null; p1; 3312, \??\C:\Users\IEUser\Documents\VisualStudio2013\Projects\infect\Debug\infect.exe
396, null; p1; 0, null
396, null; p1; 0, null
396, null; p1; 0, null
952, null; p1; 3312, \??\C:\Users\IEUser\Documents\VisualStudio2013\Projects\infect\Debug\infect.exe
952, null; p1; 3312, \??\C:\Users\IEUser\Documents\VisualStudio2013\Projects\infect\Debug\infect.exe
952, null; p1; 3312, \??\C:\Users\IEUser\Documents\VisualStudio2013\Projects\infect\Debug\infect.exe
3312, \??\C:\Users\IEUser\Documents\VisualStudio2013\Projects\infect\Debug\infect.exe; p1; 0, null
3312, \??\C:\Users\IEUser\Documents\VisualStudio2013\Projects\infect\Debug\infect.exe; p1; 0, null
3312, \??\C:\Users\IEUser\Documents\VisualStudio2013\Projects\infect\Debug\infect.exe; p1; 0, null
3312, \??\C:\Users\IEUser\Documents\VisualStudio2013\Projects\infect\Debug\infect.exe; p1; 1840, \SystemRoot\System32\Conhost.exe
3312, \??\C:\Users\IEUser\Documents\VisualStudio2013\Projects\infect\Debug\infect.exe; p1; 1840, \SystemRoot\System32\Conhost.exe
3312, \??\C:\Users\IEUser\Documents\VisualStudio2013\Projects\infect\Debug\infect.exe; p1; 1840, \SystemRoot\System32\Conhost.exe
396, null; p1; 1840, \SystemRoot\System32\Conhost.exe
396, null; p1; 1840, \SystemRoot\System32\Conhost.exe
396, null; p1; 1840, \SystemRoot\System32\Conhost.exe
396, null; p1; 0, null
396, null; p1; 0, null
396, null; p1; 0, null
1840, \SystemRoot\System32\Conhost.exe; p1; 1840, \SystemRoot\System32\Conhost.exe
1840, \SystemRoot\System32\Conhost.exe; p1; 0, null
1840, \SystemRoot\System32\Conhost.exe; p1; 0, null
1840, \SystemRoot\System32\Conhost.exe; p1; 0, null
1840, \SystemRoot\System32\Conhost.exe; p1; 3312, \??\C:\Users\IEUser\Documents\VisualStudio2013\Projects\infect\Debug\infect.exe
1840, \SystemRoot\System32\Conhost.exe; p1; 3312, \??\C:\Users\IEUser\Documents\VisualStudio2013\Projects\infect\Debug\infect.exe
1840, \SystemRoot\System32\Conhost.exe; p1; 3312, \??\C:\Users\IEUser\Documents\VisualStudio2013\Projects\infect\Debug\infect.exe
844, null; p1; 1840, \SystemRoot\System32\Conhost.exe
396, null; p1; 0, null
396, null; p1; 0, null
396, null; p1; 0, null
1840, \SystemRoot\System32\Conhost.exe; p1; 0, null
1840, \SystemRoot\System32\Conhost.exe; p1; 0, null
1840, \SystemRoot\System32\Conhost.exe; p1; 0, null
396, null; p1; 0, null
396, null; p1; 0, null
396, null; p1; 0, null
3672, null; p1; 0, null
3672, null; p1; 0, null
3672, null; p1; 0, null
3672, null; p1; 0, null
3672, null; p1; 0, null
3672, null; p1; 0, null
312, null; p1; 0, null
312, null; p1; 0, null
312, null; p1; 0, null
312, null; p1; 0, null
312, null; p1; 0, null
312, null; p1; 0, null
312, null; p1; 0, null
312, null; p1; 0, null
312, null; p1; 0, null
312, null; p1; 0, null
312, null; p1; 0, null
312, null; p1; 0, null
3312, \??\C:\Users\IEUser\Documents\VisualStudio2013\Projects\infect\Debug\infect.exe; p1; 0, null
3312, \??\C:\Users\IEUser\Documents\VisualStudio2013\Projects\infect\Debug\infect.exe; p1; 0, null
3312, \??\C:\Users\IEUser\Documents\VisualStudio2013\Projects\infect\Debug\infect.exe; p1; 0, null
3312, \??\C:\Users\IEUser\Documents\VisualStudio2013\Projects\infect\Debug\infect.exe; p1; 2860, \??\C:\Windows\System32\calc.exe
3312, \??\C:\Users\IEUser\Documents\VisualStudio2013\Projects\infect\Debug\infect.exe; p1; 2860, \??\C:\Windows\System32\calc.exe
3312, \??\C:\Users\IEUser\Documents\VisualStudio2013\Projects\infect\Debug\infect.exe; p1; 2860, \??\C:\Windows\System32\calc.exe
3312, \??\C:\Users\IEUser\Documents\VisualStudio2013\Projects\infect\Debug\infect.exe; p1; 3312, \??\C:\Users\IEUser\Documents\VisualStudio2013\Projects\infect\Debug\infect.exe
396, null; p1; 2860, \??\C:\Windows\System32\calc.exe
396, null; p1; 2860, \??\C:\Windows\System32\calc.exe
396, null; p1; 2860, \??\C:\Windows\System32\calc.exe
396, null; p1; 0, null
396, null; p1; 0, null
396, null; p1; 0, null
396, null; p1; 2860, \??\C:\Windows\System32\calc.exe
3312, \??\C:\Users\IEUser\Documents\VisualStudio2013\Projects\infect\Debug\infect.exe; p1; 0, null
3312, \??\C:\Users\IEUser\Documents\VisualStudio2013\Projects\infect\Debug\infect.exe; p1; 0, null
3312, \??\C:\Users\IEUser\Documents\VisualStudio2013\Projects\infect\Debug\infect.exe; p1; 0, null
3312, \??\C:\Users\IEUser\Documents\VisualStudio2013\Projects\infect\Debug\infect.exe; p1; 1920, \??\C:\Windows\System32\notepad.exe
3312, \??\C:\Users\IEUser\Documents\VisualStudio2013\Projects\infect\Debug\infect.exe; p1; 1920, \??\C:\Windows\System32\notepad.exe
3312, \??\C:\Users\IEUser\Documents\VisualStudio2013\Projects\infect\Debug\infect.exe; p1; 1920, \??\C:\Windows\System32\notepad.exe
396, null; p1; 1920, \??\C:\Windows\System32\notepad.exe
396, null; p1; 1920, \??\C:\Windows\System32\notepad.exe
396, null; p1; 1920, \??\C:\Windows\System32\notepad.exe
396, null; p1; 0, null
396, null; p1; 0, null
396, null; p1; 0, null
1920, \??\C:\Windows\System32\notepad.exe; p1; 1920, \??\C:\Windows\System32\notepad.exe
312, null; p1; 0, null
312, null; p1; 0, null
312, null; p1; 0, null
844, null; p1; 1920, \??\C:\Windows\System32\notepad.exe
312, null; p1; 0, null
312, null; p1; 0, null
312, null; p1; 0, null
2272, null; p1; 1152, null
2272, null; p1; 1152, null
2272, null; p1; 1152, null
312, null; p1; 0, null
312, null; p1; 0, null
312, null; p1; 0, null
312, null; p1; 0, null
312, null; p1; 0, null
312, null; p1; 0, null
3312, \??\C:\Users\IEUser\Documents\VisualStudio2013\Projects\infect\Debug\infect.exe; p1; 3136, null
3312, \??\C:\Users\IEUser\Documents\VisualStudio2013\Projects\infect\Debug\infect.exe; p1; 3136, null
3312, \??\C:\Users\IEUser\Documents\VisualStudio2013\Projects\infect\Debug\infect.exe; p1; 3136, null
3312, \??\C:\Users\IEUser\Documents\VisualStudio2013\Projects\infect\Debug\infect.exe; p1; 4024, null
3312, \??\C:\Users\IEUser\Documents\VisualStudio2013\Projects\infect\Debug\infect.exe; p1; 4024, null
3312, \??\C:\Users\IEUser\Documents\VisualStudio2013\Projects\infect\Debug\infect.exe; p1; 4024, null
2860, \??\C:\Windows\System32\calc.exe; p1; 2860, \??\C:\Windows\System32\calc.exe
844, null; p1; 2860, \??\C:\Windows\System32\calc.exe
1488, null; p1; 0, null
1488, null; p1; 0, null
1488, null; p1; 0, null
2860, \??\C:\Windows\System32\calc.exe; p1; 0, null
2860, \??\C:\Windows\System32\calc.exe; p1; 0, null
2860, \??\C:\Windows\System32\calc.exe; p1; 0, null
2860, \??\C:\Windows\System32\calc.exe; p1; 0, null
2860, \??\C:\Windows\System32\calc.exe; p1; 0, null
2860, \??\C:\Windows\System32\calc.exe; p1; 0, null
312, null; p1; 0, null
312, null; p1; 0, null
312, null; p1; 0, null
312, null; p1; 0, null
312, null; p1; 0, null
312, null; p1; 0, null
312, null; p1; 0, null
312, null; p1; 0, null
312, null; p1; 0, null
312, null; p1; 0, null
312, null; p1; 0, null
312, null; p1; 0, null
2376, null; p1; 0, null
2376, null; p1; 0, null
2376, null; p1; 0, null
2272, null; p1; 0, null
2272, null; p1; 0, null
2272, null; p1; 0, null
2272, null; p1; 0, null
2272, null; p1; 0, null
2272, null; p1; 0, null
2376, null; p1; 0, null
2376, null; p1; 0, null
2376, null; p1; 0, null
2376, null; p1; 0, null
2376, null; p1; 0, null
2376, null; p1; 0, null
2272, null; p1; 1152, null
2272, null; p1; 1152, null
2272, null; p1; 1152, null
2272, null; p1; 1152, null
2272, null; p1; 1152, null
2272, null; p1; 1152, null
2272, null; p1; 1152, null
2272, null; p1; 1152, null
2272, null; p1; 1152, null
312, null; p1; 0, null
312, null; p1; 0, null
312, null; p1; 0, null
396, null; p1; 0, null
396, null; p1; 0, null
396, null; p1; 0, null
312, null; p1; 0, null
312, null; p1; 0, null
312, null; p1; 0, null
312, null; p1; 0, null
312, null; p1; 0, null
312, null; p1; 0, null
396, null; p1; 1240, null
396, null; p1; 1240, null
396, null; p1; 1240, null
396, null; p1; 1240, null
396, null; p1; 1240, null
396, null; p1; 1240, null
312, null; p1; 0, null
312, null; p1; 0, null
312, null; p1; 0, null
396, null; p1; 1240, null
396, null; p1; 1240, null
396, null; p1; 1240, null
312, null; p1; 0, null
312, null; p1; 0, null
312, null; p1; 0, null
396, null; p1; 1240, null
396, null; p1; 1240, null
396, null; p1; 1240, null
2812, null; p1; 0, null
2812, null; p1; 0, null
2812, null; p1; 0, null
312, null; p1; 0, null
312, null; p1; 0, null
312, null; p1; 0, null
312, null; p1; 0, null
312, null; p1; 0, null
312, null; p1; 0, null
312, null; p1; 0, null
312, null; p1; 0, null
312, null; p1; 0, null
312, null; p1; 0, null
312, null; p1; 0, null
312, null; p1; 0, null
2824, null; p1; 0, null
2824, null; p1; 0, null
2824, null; p1; 0, null
3972, null; p1; 0, null
3972, null; p1; 0, null
3972, null; p1; 0, null
2272, null; p1; 1152, null
2272, null; p1; 1152, null
2272, null; p1; 1152, null
2272, null; p1; 1152, null
2272, null; p1; 1152, null
2272, null; p1; 1152, null
2272, null; p1; 1152, null
2272, null; p1; 1152, null
2272, null; p1; 1152, null
2272, null; p1; 1152, null
2272, null; p1; 1152, null
2272, null; p1; 1152, null
3672, null; p1; 0, null
3672, null; p1; 0, null
3672, null; p1; 0, null
2824, null; p1; 0, null
2824, null; p1; 0, null
2824, null; p1; 0, null
312, null; p1; 0, null
312, null; p1; 0, null
312, null; p1; 0, null
312, null; p1; 0, null
312, null; p1; 0, null
312, null; p1; 0, null
312, null; p1; 0, null
312, null; p1; 0, null
312, null; p1; 0, null
312, null; p1; 0, null
312, null; p1; 0, null
312, null; p1; 0, null
3212, null; p1; 0, null
3212, null; p1; 0, null
3212, null; p1; 0, null
3212, null; p1; 1460, \??\C:\Windows\system32\fltMC.exe
3212, null; p1; 1460, \??\C:\Windows\system32\fltMC.exe
3212, null; p1; 1460, \??\C:\Windows\system32\fltMC.exe
396, null; p1; 1460, \??\C:\Windows\system32\fltMC.exe
396, null; p1; 1460, \??\C:\Windows\system32\fltMC.exe
396, null; p1; 1460, \??\C:\Windows\system32\fltMC.exe
396, null; p1; 0, null
396, null; p1; 0, null
396, null; p1; 0, null
3348, null; p1; 1460, \??\C:\Windows\system32\fltMC.exe
3348, null; p1; 1460, \??\C:\Windows\system32\fltMC.exe
3348, null; p1; 1460, \??\C:\Windows\system32\fltMC.exe
312, null; p1; 0, null
312, null; p1; 0, null
312, null; p1; 0, null
3672, null; p1; 0, null
3672, null; p1; 0, null
3672, null; p1; 0, null
3672, null; p1; 0, null
3672, null; p1; 0, null
3672, null; p1; 0, null
2824, null; p1; 0, null
2824, null; p1; 0, null
2824, null; p1; 0, null
312, null; p1; 0, null
312, null; p1; 0, null
312, null; p1; 0, null
312, null; p1; 0, null
312, null; p1; 0, null
312, null; p1; 0, null
312, null; p1; 0, null
312, null; p1; 0, null
312, null; p1; 0, null
892, null; p1; 0, null
892, null; p1; 0, null
892, null; p1; 0, null
3672, null; p1; 0, null
3672, null; p1; 0, null
3672, null; p1; 0, null
3672, null; p1; 0, null
3672, null; p1; 0, null
3672, null; p1; 0, null
3672, null; p1; 0, null
3672, null; p1; 0, null
3672, null; p1; 0, null
3672, null; p1; 0, null
3672, null; p1; 0, null
3672, null; p1; 0, null
3672, null; p1; 0, null
3672, null; p1; 0, null
3672, null; p1; 0, null
3672, null; p1; 0, null
3672, null; p1; 0, null
3672, null; p1; 0, null
892, null; p1; 0, null
892, null; p1; 0, null
892, null; p1; 0, null
892, null; p1; 0, null
892, null; p1; 0, null
892, null; p1; 0, null
312, null; p1; 0, null
312, null; p1; 0, null
312, null; p1; 0, null
312, null; p1; 0, null
312, null; p1; 0, null
312, null; p1; 0, null
312, null; p1; 0, null
312, null; p1; 0, null
312, null; p1; 0, null
312, null; p1; 0, null
312, null; p1; 0, null
312, null; p1; 0, null
312, null; p1; 0, null
312, null; p1; 0, null
312, null; p1; 0, null
312, null; p1; 0, null
312, null; p1; 0, null
312, null; p1; 0, null
312, null; p1; 0, null
312, null; p1; 0, null
312, null; p1; 0, null
3212, null; p1; 3148, \??\C:\Users\IEUser\Desktop\Minispy\ObCallbackTestCtrl.exe
3212, null; p1; 3148, \??\C:\Users\IEUser\Desktop\Minispy\ObCallbackTestCtrl.exe
3212, null; p1; 3148, \??\C:\Users\IEUser\Desktop\Minispy\ObCallbackTestCtrl.exe
3212, null; p1; 0, null
3212, null; p1; 0, null
3212, null; p1; 0, null
3212, null; p1; 3148, \??\C:\Users\IEUser\Desktop\Minispy\ObCallbackTestCtrl.exe
3212, null; p1; 3148, \??\C:\Users\IEUser\Desktop\Minispy\ObCallbackTestCtrl.exe
3212, null; p1; 3148, \??\C:\Users\IEUser\Desktop\Minispy\ObCallbackTestCtrl.exe
396, null; p1; 3148, \??\C:\Users\IEUser\Desktop\Minispy\ObCallbackTestCtrl.exe
396, null; p1; 3148, \??\C:\Users\IEUser\Desktop\Minispy\ObCallbackTestCtrl.exe
396, null; p1; 3148, \??\C:\Users\IEUser\Desktop\Minispy\ObCallbackTestCtrl.exe
396, null; p1; 0, null
396, null; p1; 0, null
396, null; p1; 0, null
3348, null; p1; 3148, \??\C:\Users\IEUser\Desktop\Minispy\ObCallbackTestCtrl.exe
3348, null; p1; 3148, \??\C:\Users\IEUser\Desktop\Minispy\ObCallbackTestCtrl.exe
3348, null; p1; 3148, \??\C:\Users\IEUser\Desktop\Minispy\ObCallbackTestCtrl.exe
3148, \??\C:\Users\IEUser\Desktop\Minispy\ObCallbackTestCtrl.exe; p1; 3148, \??\C:\Users\IEUser\Desktop\Minispy\ObCallbackTestCtrl.exe
3148, \??\C:\Users\IEUser\Desktop\Minispy\ObCallbackTestCtrl.exe; p1; 0, null
3148, \??\C:\Users\IEUser\Desktop\Minispy\ObCallbackTestCtrl.exe; p1; 0, null
3148, \??\C:\Users\IEUser\Desktop\Minispy\ObCallbackTestCtrl.exe; p1; 0, null
3212, null; p2; 212, \??\C:\Users\IEUser\Desktop\Minispy\minispy.exe
3212, null; p2; 212, \??\C:\Users\IEUser\Desktop\Minispy\minispy.exe
844, null; p2; 660, \??\C:\Windows\system32\wbem\WMIADAP.EXE
1240, null; p2; 3312, \??\C:\Users\IEUser\Documents\VisualStudio2013\Projects\infect\Debug\infect.exe
3312, \??\C:\Users\IEUser\Documents\VisualStudio2013\Projects\infect\Debug\infect.exe; p2; 1840, \SystemRoot\System32\Conhost.exe
3312, \??\C:\Users\IEUser\Documents\VisualStudio2013\Projects\infect\Debug\infect.exe; p2; 2860, \??\C:\Windows\System32\calc.exe
3312, \??\C:\Users\IEUser\Documents\VisualStudio2013\Projects\infect\Debug\infect.exe; p2; 1920, \??\C:\Windows\System32\notepad.exe
3212, null; p2; 1460, \??\C:\Windows\system32\fltMC.exe
3212, null; p2; 3148, \??\C:\Users\IEUser\Desktop\Minispy\ObCallbackTestCtrl.exe
3312,\Device\HarddiskVolume2\Users\IEUser\Documents\VisualStudio2013\Projects\infect\Debug\infect.exe; f1; 3312,\Device\HarddiskVolume2\Users\IEUser\Documents\VisualStudio2013\Projects\infect\Debug\benign1.exe
3312,\Device\HarddiskVolume2\Users\IEUser\Documents\VisualStudio2013\Projects\infect\Debug\infect.exe; f1; 3312,\Device\HarddiskVolume2\Users\IEUser\Documents\VisualStudio2013\Projects\infect\Debug\benign2.exe
3312,\Device\HarddiskVolume2\Users\IEUser\Documents\VisualStudio2013\Projects\infect\Debug\infect.exe; f1; 3312,\Device\HarddiskVolume2\Users\IEUser\Documents\VisualStudio2013\Projects\infect\Debug\benign3.exe
3312,\Device\HarddiskVolume2\Users\IEUser\Documents\VisualStudio2013\Projects\infect\Debug\infect.exe; f1; 3312,\Device\HarddiskVolume2\Users\IEUser\Documents\VisualStudio2013\Projects\infect\Debug\benign4.exe
660, \??\C:\Windows\system32\wbem\WMIADAP.EXE; f2; null,\Device\HarddiskVolume2\Windows\system32\wbem\Performance\
660, \??\C:\Windows\system32\wbem\WMIADAP.EXE; f2; null,\Device\HarddiskVolume2\Windows\system32\wbem\Performance\WmiApRpl_new.ini
3312, \??\C:\Users\IEUser\Documents\VisualStudio2013\Projects\infect\Debug\infect.exe; f2; null,\Device\HarddiskVolume2\Users\IEUser\Documents\VisualStudio2013\Projects\infect\Debug\benign1.exe
3312, \??\C:\Users\IEUser\Documents\VisualStudio2013\Projects\infect\Debug\infect.exe; f2; null,\Device\HarddiskVolume2\Users\IEUser\Documents\VisualStudio2013\Projects\infect\Debug\benign1.exe
3312, \??\C:\Users\IEUser\Documents\VisualStudio2013\Projects\infect\Debug\infect.exe; f2; null,\Device\HarddiskVolume2\Users\IEUser\Documents\VisualStudio2013\Projects\infect\Debug\benign2.exe
3312, \??\C:\Users\IEUser\Documents\VisualStudio2013\Projects\infect\Debug\infect.exe; f2; null,\Device\HarddiskVolume2\Users\IEUser\Documents\VisualStudio2013\Projects\infect\Debug\benign3.exe
3312, \??\C:\Users\IEUser\Documents\VisualStudio2013\Projects\infect\Debug\infect.exe; f2; null,\Device\HarddiskVolume2\Users\IEUser\Documents\VisualStudio2013\Projects\infect\Debug\benign4.exe
3312, \??\C:\Users\IEUser\Documents\VisualStudio2013\Projects\infect\Debug\infect.exe; f2; null,\Device\HarddiskVolume2\Users\IEUser\Documents\VisualStudio2013\Projects\infect\Debug\existingfile1.txt
3312, \??\C:\Users\IEUser\Documents\VisualStudio2013\Projects\infect\Debug\infect.exe; f2; null,\Device\HarddiskVolume2\Users\IEUser\Documents\VisualStudio2013\Projects\infect\Debug\existingfile2.txt
3312, \??\C:\Users\IEUser\Documents\VisualStudio2013\Projects\infect\Debug\infect.exe; f2; null,\Device\HarddiskVolume2\Users\IEUser\Documents\VisualStudio2013\Projects\infect\Debug\existingfile3.txt
3312, \??\C:\Users\IEUser\Documents\VisualStudio2013\Projects\infect\Debug\infect.exe; f2; null,\Device\HarddiskVolume2\Users\IEUser\Documents\VisualStudio2013\Projects\infect\Debug\existingfile4.txt
1240, null; f2; null,\Device\HarddiskVolume2\Users\IEUser
1240, null; f2; null,\Device\HarddiskVolume2\Users\IEUser\AppData\Local
1240, null; f2; null,\Device\HarddiskVolume2\Users\IEUser\AppData\Local\Microsoft\Windows\Explorer
952, null; f2; null,\Device\HarddiskVolume2\Windows\Prefetch\INFECT.EXE-9CE7D609.pf
1240, null; f2; null,\Device\HarddiskVolume2\Users\IEUser
1240, null; f2; null,\Device\HarddiskVolume2\Users\IEUser\AppData\Local
1240, null; f2; null,\Device\HarddiskVolume2\Users\IEUser\AppData\Local\Microsoft\Windows\Explorer
952, null; f2; null,\Device\HarddiskVolume2\Windows\Prefetch\WMIADAP.EXE-F8DFDFA2.pf
952, null; f2; null,\Device\HarddiskVolume2\Windows\Prefetch\MINISPY.EXE-CC95838E.pf
952, null; f2; null,\Device\HarddiskVolume2\Windows\Prefetch\CALC.EXE-77FDF17F.pf
952, null; f2; null,\Device\HarddiskVolume2\Windows\Prefetch\NOTEPAD.EXE-D8414F97.pf
660, \??\C:\Windows\system32\wbem\WMIADAP.EXE; f3; null, \Device\HarddiskVolume2\Windows\System32\wbem\Performance\WmiApRpl_new.h
660, \??\C:\Windows\system32\wbem\WMIADAP.EXE; f3; null, \Device\HarddiskVolume2\Windows\System32\wbem\Performance\WmiApRpl_new.h
660, \??\C:\Windows\system32\wbem\WMIADAP.EXE; f3; null, \Device\HarddiskVolume2\Windows\system32\wbem\Performance\WmiApRpl_new.ini
660, \??\C:\Windows\system32\wbem\WMIADAP.EXE; f3; null, \Device\HarddiskVolume2\Windows\system32\wbem\Performance\WmiApRpl_new.ini
660, \??\C:\Windows\system32\wbem\WMIADAP.EXE; f3; null, \Device\HarddiskVolume2\Windows\system32\wbem\Performance\WmiApRpl_new.ini
4, null; f3; null, \Device\HarddiskVolume2\Windows\System32\wfp\wfpdiag.etl
4, null; f3; null, \Device\HarddiskVolume2\Windows\System32\LogFiles\AIT\AitEventLog.etl.001
3312, \??\C:\Users\IEUser\Documents\VisualStudio2013\Projects\infect\Debug\infect.exe; f3; null, \Device\HarddiskVolume2\Users\IEUser\Documents\VisualStudio2013\Projects\infect\Debug\benign1.exe
3312, \??\C:\Users\IEUser\Documents\VisualStudio2013\Projects\infect\Debug\infect.exe; f3; null, \Device\HarddiskVolume2\Users\IEUser\Documents\VisualStudio2013\Projects\infect\Debug\benign2.exe
3312, \??\C:\Users\IEUser\Documents\VisualStudio2013\Projects\infect\Debug\infect.exe; f3; null, \Device\HarddiskVolume2\Users\IEUser\Documents\VisualStudio2013\Projects\infect\Debug\benign3.exe
3312, \??\C:\Users\IEUser\Documents\VisualStudio2013\Projects\infect\Debug\infect.exe; f3; null, \Device\HarddiskVolume2\Users\IEUser\Documents\VisualStudio2013\Projects\infect\Debug\benign4.exe
3312, \??\C:\Users\IEUser\Documents\VisualStudio2013\Projects\infect\Debug\infect.exe; f3; null, \Device\HarddiskVolume2\Users\IEUser\Documents\VisualStudio2013\Projects\infect\Debug\existingfile1.txt
3312, \??\C:\Users\IEUser\Documents\VisualStudio2013\Projects\infect\Debug\infect.exe; f3; null, \Device\HarddiskVolume2\Users\IEUser\Documents\VisualStudio2013\Projects\infect\Debug\existingfile2.txt
3312, \??\C:\Users\IEUser\Documents\VisualStudio2013\Projects\infect\Debug\infect.exe; f3; null, \Device\HarddiskVolume2\Users\IEUser\Documents\VisualStudio2013\Projects\infect\Debug\existingfile3.txt
3312, \??\C:\Users\IEUser\Documents\VisualStudio2013\Projects\infect\Debug\infect.exe; f3; null, \Device\HarddiskVolume2\Users\IEUser\Documents\VisualStudio2013\Projects\infect\Debug\existingfile4.txt
952, null; f3; null, \Device\HarddiskVolume2\Windows\Prefetch\INFECT.EXE-9CE7D609.pf
4, null; f3; null, \Device\HarddiskVolume2\ProgramData\Microsoft\WindowsDefender\Support\MpWppTracing-06302016-103711-00000003-ffffffff.bin
1240, null; f3; null, \Device\HarddiskVolume2\Users\IEUser\Documents\VisualStudio2013\Projects\infect\Debug\benign1.exe
4, null; f3; null, \Device\HarddiskVolume2\Windows\System32\wfp\wfpdiag.etl
1240, null; f3; null, \Device\HarddiskVolume2\Users\IEUser\Documents\VisualStudio2013\Projects\infect\Debug\benign4.exe
1240, null; f3; null, \Device\HarddiskVolume2\Users\IEUser\Documents\VisualStudio2013\Projects\infect\Debug\benign3.exe
1240, null; f3; null, \Device\HarddiskVolume2\Users\IEUser\Documents\VisualStudio2013\Projects\infect\Debug\benign2.exe
4, null; f3; null, \Device\HarddiskVolume2\Windows\System32\wfp\wfpdiag.etl
952, null; f3; null, \Device\HarddiskVolume2\Windows\Prefetch\WMIADAP.EXE-F8DFDFA2.pf
952, null; f3; null, \Device\HarddiskVolume2\Windows\Prefetch\MINISPY.EXE-CC95838E.pf
4, null; f3; null, \Device\HarddiskVolume2\Windows\System32\wfp\wfpdiag.etl
4, null; f3; null, \Device\HarddiskVolume2\Windows\System32\wfp\wfpdiag.etl
4, null; f3; null, \Device\HarddiskVolume2\Windows\System32\wfp\wfpdiag.etl
952, null; f3; null, \Device\HarddiskVolume2\Windows\Prefetch\CALC.EXE-77FDF17F.pf
952, null; f3; null, \Device\HarddiskVolume2\Windows\Prefetch\NOTEPAD.EXE-D8414F97.pf
4, null; f3; null, \Device\HarddiskVolume2\Windows\System32\wfp\wfpdiag.etl
